"OTUs","Rain_spec","Seed_spec","Rain_fid","Seed_fid","Rain_IndV","Seed_IndV","s.Rain","s.Seed","index","stat","p.value"
"Zotu100",0.934579439252336,0.0654205607476635,0.857142857142857,0.25,0.801068090787717,0.0163551401869159,1,0,1,0.895024072742022,0.0539
"Zotu10013",1,0,0.142857142857143,0,0.142857142857143,0,1,0,1,0.377964473009227,1
"Zotu10022",1,0,0.142857142857143,0,0.142857142857143,0,1,0,1,0.377964473009227,1
"Zotu1003",1,0,0.142857142857143,0,0.142857142857143,0,1,0,1,0.377964473009227,1
"Zotu1004",1,0,0.142857142857143,0,0.142857142857143,0,1,0,1,0.377964473009227,1
"Zotu101",0,1,0,0.75,0,0.75,0,1,2,0.866025403784439,0.0272
"Zotu10114",1,0,0.142857142857143,0,0.142857142857143,0,1,0,1,0.377964473009227,1
"Zotu102",0,1,0,0.25,0,0.25,0,1,2,0.5,0.3677
"Zotu1020",1,0,0.142857142857143,0,0.142857142857143,0,1,0,1,0.377964473009227,1
"Zotu10269",1,0,0.142857142857143,0,0.142857142857143,0,1,0,1,0.377964473009227,1
"Zotu10287",1,0,0.142857142857143,0,0.142857142857143,0,1,0,1,0.377964473009227,1
"Zotu103",1,0,0.571428571428571,0,0.571428571428571,0,1,0,1,0.755928946018454,0.1721
"Zotu10303",1,0,0.142857142857143,0,0.142857142857143,0,1,0,1,0.377964473009227,1
"Zotu1032",1,0,0.285714285714286,0,0.285714285714286,0,1,0,1,0.534522483824849,0.4955
"Zotu1033",1,0,0.285714285714286,0,0.285714285714286,0,1,0,1,0.534522483824849,0.4874
"Zotu1037",1,0,0.142857142857143,0,0.142857142857143,0,1,0,1,0.377964473009227,1
"Zotu1040",1,0,0.142857142857143,0,0.142857142857143,0,1,0,1,0.377964473009227,1
"Zotu10454",1,0,0.142857142857143,0,0.142857142857143,0,1,0,1,0.377964473009227,1
"Zotu1052",1,0,0.285714285714286,0,0.285714285714286,0,1,0,1,0.534522483824849,0.4934
"Zotu10540",0,1,0,0.25,0,0.25,0,1,2,0.5,0.3677
"Zotu1059",0,1,0,0.25,0,0.25,0,1,2,0.5,0.365
"Zotu10592",1,0,0.142857142857143,0,0.142857142857143,0,1,0,1,0.377964473009227,1
"Zotu10594",1,0,0.142857142857143,0,0.142857142857143,0,1,0,1,0.377964473009227,1
"Zotu10608",0,1,0,0.25,0,0.25,0,1,2,0.5,0.3666
"Zotu1062",1,0,0.285714285714286,0,0.285714285714286,0,1,0,1,0.534522483824849,0.4922
"Zotu107",0,1,0,0.75,0,0.75,0,1,2,0.866025403784439,0.0272
"Zotu1070",1,0,0.142857142857143,0,0.142857142857143,0,1,0,1,0.377964473009227,1
"Zotu1072",0,1,0,0.25,0,0.25,0,1,2,0.5,0.3677
"Zotu1075",1,0,0.142857142857143,0,0.142857142857143,0,1,0,1,0.377964473009227,1
"Zotu10754",1,0,0.142857142857143,0,0.142857142857143,0,1,0,1,0.377964473009227,1
"Zotu1078",1,0,0.142857142857143,0,0.142857142857143,0,1,0,1,0.377964473009227,1
"Zotu10790",0,1,0,0.25,0,0.25,0,1,2,0.5,0.3677
"Zotu108",1,0,0.142857142857143,0,0.142857142857143,0,1,0,1,0.377964473009227,1
"Zotu109",1,0,1,0,1,0,1,0,1,1,0.0039
"Zotu10947",1,0,0.142857142857143,0,0.142857142857143,0,1,0,1,0.377964473009227,1
"Zotu10952",1,0,0.285714285714286,0,0.285714285714286,0,1,0,1,0.534522483824849,0.4927
"Zotu110",1,0,0.571428571428571,0,0.571428571428571,0,1,0,1,0.755928946018454,0.1737
"Zotu11003",1,0,0.142857142857143,0,0.142857142857143,0,1,0,1,0.377964473009227,1
"Zotu1107",1,0,0.285714285714286,0,0.285714285714286,0,1,0,1,0.534522483824849,0.4962
"Zotu11116",1,0,0.142857142857143,0,0.142857142857143,0,1,0,1,0.377964473009227,1
"Zotu1112",1,0,0.142857142857143,0,0.142857142857143,0,1,0,1,0.377964473009227,1
"Zotu11174",1,0,0.142857142857143,0,0.142857142857143,0,1,0,1,0.377964473009227,1
"Zotu1121",1,0,0.142857142857143,0,0.142857142857143,0,1,0,1,0.377964473009227,1
"Zotu11233",0,1,0,0.25,0,0.25,0,1,2,0.5,0.3584
"Zotu1124",0.363636363636364,0.636363636363636,0.142857142857143,0.25,0.0519480519480519,0.159090909090909,0,1,2,0.398862017608733,1
"Zotu1126",1,0,0.142857142857143,0,0.142857142857143,0,1,0,1,0.377964473009227,1
"Zotu11274",1,0,0.142857142857143,0,0.142857142857143,0,1,0,1,0.377964473009227,1
"Zotu11298",0,1,0,0.25,0,0.25,0,1,2,0.5,0.365
"Zotu1134",1,0,0.285714285714286,0,0.285714285714286,0,1,0,1,0.534522483824849,0.4922
"Zotu114",1,0,0.714285714285714,0,0.714285714285714,0,1,0,1,0.845154254728517,0.0632
"Zotu115",0.676923076923077,0.323076923076923,0.714285714285714,0.25,0.483516483516484,0.0807692307692308,1,0,1,0.695353495365115,0.3977
"Zotu11562",1,0,0.142857142857143,0,0.142857142857143,0,1,0,1,0.377964473009227,1
"Zotu11665",1,0,0.142857142857143,0,0.142857142857143,0,1,0,1,0.377964473009227,1
"Zotu1167",0,1,0,0.25,0,0.25,0,1,2,0.5,0.3677
"Zotu117",0.0941176470588235,0.905882352941176,0.285714285714286,0.25,0.026890756302521,0.226470588235294,0,1,2,0.475889260474844,0.9183
"Zotu1170",1,0,0.285714285714286,0,0.285714285714286,0,1,0,1,0.534522483824849,0.4934
"Zotu11733",1,0,0.142857142857143,0,0.142857142857143,0,1,0,1,0.377964473009227,1
"Zotu1176",1,0,0.285714285714286,0,0.285714285714286,0,1,0,1,0.534522483824849,0.4992
"Zotu11794",1,0,0.142857142857143,0,0.142857142857143,0,1,0,1,0.377964473009227,1
"Zotu119",0.919540229885057,0.0804597701149425,0.571428571428571,0.25,0.525451559934318,0.0201149425287356,1,0,1,0.72488037629275,0.4019
"Zotu1192",1,0,0.285714285714286,0,0.285714285714286,0,1,0,1,0.534522483824849,0.4922
"Zotu1194",1,0,0.285714285714286,0,0.285714285714286,0,1,0,1,0.534522483824849,0.4992
"Zotu1196",1,0,0.428571428571429,0,0.428571428571429,0,1,0,1,0.654653670707977,0.2335
"Zotu1199",0,1,0,0.5,0,0.5,0,1,2,0.707106781186548,0.1132
"Zotu12",0.815094339622641,0.184905660377358,1,0.25,0.815094339622641,0.0462264150943396,1,0,1,0.902825752635934,0.0402
"Zotu120",1,0,0.285714285714286,0,0.285714285714286,0,1,0,1,0.534522483824849,0.5007
"Zotu1205",1,0,0.285714285714286,0,0.285714285714286,0,1,0,1,0.534522483824849,0.4992
"Zotu121",1,0,0.428571428571429,0,0.428571428571429,0,1,0,1,0.654653670707977,0.2341
"Zotu1215",1,0,0.142857142857143,0,0.142857142857143,0,1,0,1,0.377964473009227,1
"Zotu12152",1,0,0.142857142857143,0,0.142857142857143,0,1,0,1,0.377964473009227,1
"Zotu12236",1,0,0.142857142857143,0,0.142857142857143,0,1,0,1,0.377964473009227,1
"Zotu12255",1,0,0.142857142857143,0,0.142857142857143,0,1,0,1,0.377964473009227,1
"Zotu123",1,0,0.571428571428571,0,0.571428571428571,0,1,0,1,0.755928946018454,0.157
"Zotu1230",0,1,0,0.25,0,0.25,0,1,2,0.5,0.3677
"Zotu1232",1,0,0.142857142857143,0,0.142857142857143,0,1,0,1,0.377964473009227,1
"Zotu1233",1,0,0.142857142857143,0,0.142857142857143,0,1,0,1,0.377964473009227,1
"Zotu12368",1,0,0.142857142857143,0,0.142857142857143,0,1,0,1,0.377964473009227,1
"Zotu124",1,0,0.571428571428571,0,0.571428571428571,0,1,0,1,0.755928946018454,0.17
"Zotu12412",0,1,0,0.25,0,0.25,0,1,2,0.5,0.3666
"Zotu125",1,0,0.428571428571429,0,0.428571428571429,0,1,0,1,0.654653670707977,0.3204
"Zotu1250",1,0,0.142857142857143,0,0.142857142857143,0,1,0,1,0.377964473009227,1
"Zotu12565",1,0,0.142857142857143,0,0.142857142857143,0,1,0,1,0.377964473009227,1
"Zotu12580",1,0,0.285714285714286,0,0.285714285714286,0,1,0,1,0.534522483824849,0.4842
"Zotu126",0.666666666666667,0.333333333333333,1,0.5,0.666666666666667,0.166666666666667,1,0,1,0.816496580927726,0.2598
"Zotu1264",1,0,0.142857142857143,0,0.142857142857143,0,1,0,1,0.377964473009227,1
"Zotu12668",1,0,0.142857142857143,0,0.142857142857143,0,1,0,1,0.377964473009227,1
"Zotu127",1,0,0.857142857142857,0,0.857142857142857,0,1,0,1,0.925820099772551,0.0495
"Zotu1275",1,0,0.142857142857143,0,0.142857142857143,0,1,0,1,0.377964473009227,1
"Zotu128",1,0,0.428571428571429,0,0.428571428571429,0,1,0,1,0.654653670707977,0.4064
"Zotu12802",1,0,0.142857142857143,0,0.142857142857143,0,1,0,1,0.377964473009227,1
"Zotu1289",0,1,0,0.25,0,0.25,0,1,2,0.5,0.3584
"Zotu129",0.461538461538462,0.538461538461538,0.285714285714286,0.25,0.131868131868132,0.134615384615385,0,1,2,0.366899692852671,1
"Zotu13",1,0,0.857142857142857,0,0.857142857142857,0,1,0,1,0.925820099772551,0.0308
"Zotu131",0.13903743315508,0.86096256684492,0.571428571428571,0.75,0.079449961802903,0.64572192513369,0,1,2,0.803568245473706,0.2133
"Zotu1313",1,0,0.142857142857143,0,0.142857142857143,0,1,0,1,0.377964473009227,1
"Zotu132",0.810810810810811,0.189189189189189,1,0.25,0.810810810810811,0.0472972972972973,1,0,1,0.900450337781496,0.0174
"Zotu1326",1,0,0.142857142857143,0,0.142857142857143,0,1,0,1,0.377964473009227,1
"Zotu133",1,0,0.571428571428571,0,0.571428571428571,0,1,0,1,0.755928946018454,0.1757
"Zotu1331",1,0,0.285714285714286,0,0.285714285714286,0,1,0,1,0.534522483824849,0.491
"Zotu1335",1,0,0.142857142857143,0,0.142857142857143,0,1,0,1,0.377964473009227,1
"Zotu134",1,0,0.714285714285714,0,0.714285714285714,0,1,0,1,0.845154254728517,0.0563
"Zotu135",1,0,0.714285714285714,0,0.714285714285714,0,1,0,1,0.845154254728517,0.0603
"Zotu1359",1,0,0.142857142857143,0,0.142857142857143,0,1,0,1,0.377964473009227,1
"Zotu1363",1,0,0.142857142857143,0,0.142857142857143,0,1,0,1,0.377964473009227,1
"Zotu137",1,0,0.714285714285714,0,0.714285714285714,0,1,0,1,0.845154254728517,0.0595
"Zotu13716",0,1,0,0.25,0,0.25,0,1,2,0.5,0.3584
"Zotu13735",0,1,0,0.5,0,0.5,0,1,2,0.707106781186548,0.1085
"Zotu1375",1,0,0.142857142857143,0,0.142857142857143,0,1,0,1,0.377964473009227,1
"Zotu13795",1,0,0.142857142857143,0,0.142857142857143,0,1,0,1,0.377964473009227,1
"Zotu1386",1,0,0.142857142857143,0,0.142857142857143,0,1,0,1,0.377964473009227,1
"Zotu139",1,0,0.714285714285714,0,0.714285714285714,0,1,0,1,0.845154254728517,0.0592
"Zotu1390",1,0,0.142857142857143,0,0.142857142857143,0,1,0,1,0.377964473009227,1
"Zotu1393",1,0,0.285714285714286,0,0.285714285714286,0,1,0,1,0.534522483824849,0.4955
"Zotu13974",1,0,0.142857142857143,0,0.142857142857143,0,1,0,1,0.377964473009227,1
"Zotu13977",1,0,0.142857142857143,0,0.142857142857143,0,1,0,1,0.377964473009227,1
"Zotu14",0.695652173913043,0.304347826086956,0.857142857142857,0.75,0.596273291925466,0.228260869565217,1,0,1,0.772187342505344,0.4118
"Zotu14007",1,0,0.142857142857143,0,0.142857142857143,0,1,0,1,0.377964473009227,1
"Zotu1402",0.363636363636364,0.636363636363636,0.142857142857143,0.25,0.0519480519480519,0.159090909090909,0,1,2,0.398862017608733,1
"Zotu1404",1,0,0.142857142857143,0,0.142857142857143,0,1,0,1,0.377964473009227,1
"Zotu14059",0,1,0,0.25,0,0.25,0,1,2,0.5,0.3584
"Zotu1408",1,0,0.142857142857143,0,0.142857142857143,0,1,0,1,0.377964473009227,1
"Zotu141",1,0,0.571428571428571,0,0.571428571428571,0,1,0,1,0.755928946018454,0.1513
"Zotu1413",0,1,0,0.5,0,0.5,0,1,2,0.707106781186548,0.1114
"Zotu14154",1,0,0.142857142857143,0,0.142857142857143,0,1,0,1,0.377964473009227,1
"Zotu1418",1,0,0.142857142857143,0,0.142857142857143,0,1,0,1,0.377964473009227,1
"Zotu142",0.787878787878788,0.212121212121212,0.714285714285714,0.25,0.562770562770563,0.053030303030303,1,0,1,0.750180353495453,0.25
"Zotu14275",0,1,0,0.25,0,0.25,0,1,2,0.5,0.3677
"Zotu143",1,0,0.428571428571429,0,0.428571428571429,0,1,0,1,0.654653670707977,0.3128
"Zotu14354",1,0,0.142857142857143,0,0.142857142857143,0,1,0,1,0.377964473009227,1
"Zotu1438",1,0,0.142857142857143,0,0.142857142857143,0,1,0,1,0.377964473009227,1
"Zotu144",1,0,0.714285714285714,0,0.714285714285714,0,1,0,1,0.845154254728517,0.0622
"Zotu145",0.611111111111111,0.388888888888889,0.857142857142857,0.25,0.523809523809524,0.0972222222222222,1,0,1,0.723746864455746,0.2547
"Zotu14539",1,0,0.142857142857143,0,0.142857142857143,0,1,0,1,0.377964473009227,1
"Zotu1459",1,0,0.142857142857143,0,0.142857142857143,0,1,0,1,0.377964473009227,1
"Zotu146",1,0,0.142857142857143,0,0.142857142857143,0,1,0,1,0.377964473009227,1
"Zotu1460",1,0,0.142857142857143,0,0.142857142857143,0,1,0,1,0.377964473009227,1
"Zotu14639",1,0,0.142857142857143,0,0.142857142857143,0,1,0,1,0.377964473009227,1
"Zotu14640",1,0,0.142857142857143,0,0.142857142857143,0,1,0,1,0.377964473009227,1
"Zotu14672",1,0,0.142857142857143,0,0.142857142857143,0,1,0,1,0.377964473009227,1
"Zotu147",1,0,0.571428571428571,0,0.571428571428571,0,1,0,1,0.755928946018454,0.1721
"Zotu14707",1,0,0.142857142857143,0,0.142857142857143,0,1,0,1,0.377964473009227,1
"Zotu1472",1,0,0.142857142857143,0,0.142857142857143,0,1,0,1,0.377964473009227,1
"Zotu149",0.712328767123288,0.287671232876712,0.714285714285714,0.25,0.50880626223092,0.0719178082191781,1,0,1,0.713306569597477,0.2991
"Zotu1492",1,0,0.142857142857143,0,0.142857142857143,0,1,0,1,0.377964473009227,1
"Zotu15",0.663755458515284,0.336244541484716,0.714285714285714,0.5,0.474111041796631,0.168122270742358,1,0,1,0.688557217518364,0.4423
"Zotu1500",1,0,0.142857142857143,0,0.142857142857143,0,1,0,1,0.377964473009227,1
"Zotu1505",1,0,0.142857142857143,0,0.142857142857143,0,1,0,1,0.377964473009227,1
"Zotu15075",1,0,0.142857142857143,0,0.142857142857143,0,1,0,1,0.377964473009227,1
"Zotu151",1,0,0.714285714285714,0,0.714285714285714,0,1,0,1,0.845154254728517,0.0553
"Zotu1512",1,0,0.285714285714286,0,0.285714285714286,0,1,0,1,0.534522483824849,0.4874
"Zotu152",1,0,1,0,1,0,1,0,1,1,0.0039
"Zotu15215",1,0,0.142857142857143,0,0.142857142857143,0,1,0,1,0.377964473009227,1
"Zotu15234",1,0,0.142857142857143,0,0.142857142857143,0,1,0,1,0.377964473009227,1
"Zotu15237",0,1,0,0.25,0,0.25,0,1,2,0.5,0.3677
"Zotu153",0.217765042979943,0.782234957020057,0.571428571428571,0.25,0.12443716741711,0.195558739255014,0,1,2,0.442220238405044,1
"Zotu1539",1,0,0.285714285714286,0,0.285714285714286,0,1,0,1,0.534522483824849,0.4955
"Zotu154",0.461538461538462,0.538461538461538,0.571428571428571,0.25,0.263736263736264,0.134615384615385,1,0,1,0.513552591013095,0.8197
"Zotu155",1,0,0.285714285714286,0,0.285714285714286,0,1,0,1,0.534522483824849,0.4842
"Zotu1554",1,0,0.142857142857143,0,0.142857142857143,0,1,0,1,0.377964473009227,1
"Zotu15555",1,0,0.142857142857143,0,0.142857142857143,0,1,0,1,0.377964473009227,1
"Zotu1559",1,0,0.142857142857143,0,0.142857142857143,0,1,0,1,0.377964473009227,1
"Zotu156",1,0,1,0,1,0,1,0,1,1,0.0039
"Zotu15611",1,0,0.142857142857143,0,0.142857142857143,0,1,0,1,0.377964473009227,1
"Zotu1565",1,0,0.142857142857143,0,0.142857142857143,0,1,0,1,0.377964473009227,1
"Zotu1568",1,0,0.142857142857143,0,0.142857142857143,0,1,0,1,0.377964473009227,1
"Zotu157",0.416666666666667,0.583333333333333,0.714285714285714,0.25,0.297619047619048,0.145833333333333,1,0,1,0.545544725589981,0.9853
"Zotu1571",1,0,0.142857142857143,0,0.142857142857143,0,1,0,1,0.377964473009227,1
"Zotu1573",1,0,0.285714285714286,0,0.285714285714286,0,1,0,1,0.534522483824849,0.4836
"Zotu159",1,0,0.857142857142857,0,0.857142857142857,0,1,0,1,0.925820099772551,0.0181
"Zotu16",0.78234704112337,0.21765295887663,1,1,0.78234704112337,0.21765295887663,1,0,1,0.884503838953438,0.0358
"Zotu160",1,0,0.571428571428571,0,0.571428571428571,0,1,0,1,0.755928946018454,0.1949
"Zotu1607",1,0,0.142857142857143,0,0.142857142857143,0,1,0,1,0.377964473009227,1
"Zotu16071",0,1,0,0.25,0,0.25,0,1,2,0.5,0.3677
"Zotu16099",1,0,0.142857142857143,0,0.142857142857143,0,1,0,1,0.377964473009227,1
"Zotu161",0,1,0,0.5,0,0.5,0,1,2,0.707106781186548,0.1128
"Zotu16140",1,0,0.142857142857143,0,0.142857142857143,0,1,0,1,0.377964473009227,1
"Zotu16141",1,0,0.142857142857143,0,0.142857142857143,0,1,0,1,0.377964473009227,1
"Zotu16147",1,0,0.142857142857143,0,0.142857142857143,0,1,0,1,0.377964473009227,1
"Zotu16156",1,0,0.142857142857143,0,0.142857142857143,0,1,0,1,0.377964473009227,1
"Zotu1618",0,1,0,0.25,0,0.25,0,1,2,0.5,0.3584
"Zotu162",0,1,0,0.25,0,0.25,0,1,2,0.5,0.3677
"Zotu16297",1,0,0.142857142857143,0,0.142857142857143,0,1,0,1,0.377964473009227,1
"Zotu163",1,0,0.142857142857143,0,0.142857142857143,0,1,0,1,0.377964473009227,1
"Zotu16381",1,0,0.142857142857143,0,0.142857142857143,0,1,0,1,0.377964473009227,1
"Zotu164",1,0,0.714285714285714,0,0.714285714285714,0,1,0,1,0.845154254728517,0.0641
"Zotu1649",1,0,0.428571428571429,0,0.428571428571429,0,1,0,1,0.654653670707977,0.24
"Zotu165",1,0,1,0,1,0,1,0,1,1,0.0039
"Zotu1650",1,0,0.428571428571429,0,0.428571428571429,0,1,0,1,0.654653670707977,0.2352
"Zotu166",1,0,0.714285714285714,0,0.714285714285714,0,1,0,1,0.845154254728517,0.0592
"Zotu16761",1,0,0.142857142857143,0,0.142857142857143,0,1,0,1,0.377964473009227,1
"Zotu1677",0,1,0,0.25,0,0.25,0,1,2,0.5,0.3584
"Zotu16789",1,0,0.142857142857143,0,0.142857142857143,0,1,0,1,0.377964473009227,1
"Zotu168",0.875739644970414,0.124260355029586,1,0.25,0.875739644970414,0.0310650887573964,1,0,1,0.93580962004588,0.0168
"Zotu16835",0,1,0,0.25,0,0.25,0,1,2,0.5,0.365
"Zotu170",1,0,0.428571428571429,0,0.428571428571429,0,1,0,1,0.654653670707977,0.2362
"Zotu1705",1,0,0.285714285714286,0,0.285714285714286,0,1,0,1,0.534522483824849,0.4934
"Zotu17090",1,0,0.142857142857143,0,0.142857142857143,0,1,0,1,0.377964473009227,1
"Zotu171",1,0,0.142857142857143,0,0.142857142857143,0,1,0,1,0.377964473009227,1
"Zotu17191",0,1,0,0.25,0,0.25,0,1,2,0.5,0.3666
"Zotu172",1,0,0.142857142857143,0,0.142857142857143,0,1,0,1,0.377964473009227,1
"Zotu17212",1,0,0.142857142857143,0,0.142857142857143,0,1,0,1,0.377964473009227,1
"Zotu1743",1,0,0.142857142857143,0,0.142857142857143,0,1,0,1,0.377964473009227,1
"Zotu175",1,0,0.428571428571429,0,0.428571428571429,0,1,0,1,0.654653670707977,0.3216
"Zotu17507",1,0,0.142857142857143,0,0.142857142857143,0,1,0,1,0.377964473009227,1
"Zotu176",1,0,0.714285714285714,0,0.714285714285714,0,1,0,1,0.845154254728517,0.0641
"Zotu17671",1,0,0.142857142857143,0,0.142857142857143,0,1,0,1,0.377964473009227,1
"Zotu1769",1,0,0.142857142857143,0,0.142857142857143,0,1,0,1,0.377964473009227,1
"Zotu177",1,0,0.714285714285714,0,0.714285714285714,0,1,0,1,0.845154254728517,0.0642
"Zotu178",1,0,0.428571428571429,0,0.428571428571429,0,1,0,1,0.654653670707977,0.4082
"Zotu17862",1,0,0.142857142857143,0,0.142857142857143,0,1,0,1,0.377964473009227,1
"Zotu17962",1,0,0.142857142857143,0,0.142857142857143,0,1,0,1,0.377964473009227,1
"Zotu1798",1,0,0.142857142857143,0,0.142857142857143,0,1,0,1,0.377964473009227,1
"Zotu18",0.416666666666667,0.583333333333333,0.285714285714286,0.25,0.119047619047619,0.145833333333333,0,1,2,0.381881307912987,1
"Zotu18071",1,0,0.142857142857143,0,0.142857142857143,0,1,0,1,0.377964473009227,1
"Zotu18087",1,0,0.142857142857143,0,0.142857142857143,0,1,0,1,0.377964473009227,1
"Zotu1813",1,0,0.142857142857143,0,0.142857142857143,0,1,0,1,0.377964473009227,1
"Zotu1819",1,0,0.142857142857143,0,0.142857142857143,0,1,0,1,0.377964473009227,1
"Zotu182",1,0,0.428571428571429,0,0.428571428571429,0,1,0,1,0.654653670707977,0.3204
"Zotu1821",0,1,0,0.25,0,0.25,0,1,2,0.5,0.3666
"Zotu18286",0,1,0,0.25,0,0.25,0,1,2,0.5,0.3677
"Zotu18360",1,0,0.142857142857143,0,0.142857142857143,0,1,0,1,0.377964473009227,1
"Zotu184",1,0,0.285714285714286,0,0.285714285714286,0,1,0,1,0.534522483824849,0.4927
"Zotu18450",1,0,0.142857142857143,0,0.142857142857143,0,1,0,1,0.377964473009227,1
"Zotu18452",1,0,0.142857142857143,0,0.142857142857143,0,1,0,1,0.377964473009227,1
"Zotu1855",1,0,0.142857142857143,0,0.142857142857143,0,1,0,1,0.377964473009227,1
"Zotu186",1,0,0.428571428571429,0,0.428571428571429,0,1,0,1,0.654653670707977,0.4116
"Zotu1868",1,0,0.142857142857143,0,0.142857142857143,0,1,0,1,0.377964473009227,1
"Zotu187",0.82051282051282,0.179487179487179,0.428571428571429,0.25,0.351648351648352,0.0448717948717949,1,0,1,0.592999453328881,0.5995
"Zotu1877",0,1,0,0.25,0,0.25,0,1,2,0.5,0.3584
"Zotu188",1,0,0.142857142857143,0,0.142857142857143,0,1,0,1,0.377964473009227,1
"Zotu1888",1,0,0.142857142857143,0,0.142857142857143,0,1,0,1,0.377964473009227,1
"Zotu189",1,0,0.428571428571429,0,0.428571428571429,0,1,0,1,0.654653670707977,0.2381
"Zotu1892",1,0,0.142857142857143,0,0.142857142857143,0,1,0,1,0.377964473009227,1
"Zotu19",0.621621621621622,0.378378378378378,0.857142857142857,0.5,0.532818532818533,0.189189189189189,1,0,1,0.729944198427889,0.4058
"Zotu190",1,0,0.857142857142857,0,0.857142857142857,0,1,0,1,0.925820099772551,0.0254
"Zotu191",1,0,0.285714285714286,0,0.285714285714286,0,1,0,1,0.534522483824849,0.4992
"Zotu192",1,0,0.428571428571429,0,0.428571428571429,0,1,0,1,0.654653670707977,0.3951
"Zotu193",1,0,0.142857142857143,0,0.142857142857143,0,1,0,1,0.377964473009227,1
"Zotu1945",1,0,0.142857142857143,0,0.142857142857143,0,1,0,1,0.377964473009227,1
"Zotu195",1,0,0.285714285714286,0,0.285714285714286,0,1,0,1,0.534522483824849,0.4992
"Zotu197",1,0,0.428571428571429,0,0.428571428571429,0,1,0,1,0.654653670707977,0.3128
"Zotu1983",0,1,0,0.25,0,0.25,0,1,2,0.5,0.3677
"Zotu2",1,0,1,0,1,0,1,0,1,1,0.0039
"Zotu20",0.913773796192609,0.0862262038073908,1,0.25,0.913773796192609,0.0215565509518477,1,0,1,0.955915161608293,0.0102
"Zotu202",1,0,0.857142857142857,0,0.857142857142857,0,1,0,1,0.925820099772551,0.0367
"Zotu203",1,0,0.142857142857143,0,0.142857142857143,0,1,0,1,0.377964473009227,1
"Zotu205",1,0,1,0,1,0,1,0,1,1,0.0039
"Zotu206",1,0,0.571428571428571,0,0.571428571428571,0,1,0,1,0.755928946018454,0.1757
"Zotu207",1,0,0.428571428571429,0,0.428571428571429,0,1,0,1,0.654653670707977,0.4072
"Zotu208",1,0,0.714285714285714,0,0.714285714285714,0,1,0,1,0.845154254728517,0.0607
"Zotu209",1,0,0.285714285714286,0,0.285714285714286,0,1,0,1,0.534522483824849,0.4883
"Zotu21",0.581196581196581,0.418803418803419,0.571428571428571,0.25,0.332112332112332,0.104700854700855,1,0,1,0.576291881005044,0.7475
"Zotu210",1,0,0.142857142857143,0,0.142857142857143,0,1,0,1,0.377964473009227,1
"Zotu213",1,0,0.428571428571429,0,0.428571428571429,0,1,0,1,0.654653670707977,0.3991
"Zotu214",0.8,0.2,0.714285714285714,0.25,0.571428571428572,0.05,1,0,1,0.755928946018455,0.2498
"Zotu216",1,0,0.285714285714286,0,0.285714285714286,0,1,0,1,0.534522483824849,0.4855
"Zotu219",1,0,0.285714285714286,0,0.285714285714286,0,1,0,1,0.534522483824849,0.4922
"Zotu220",1,0,0.285714285714286,0,0.285714285714286,0,1,0,1,0.534522483824849,0.5016
"Zotu2208",1,0,0.142857142857143,0,0.142857142857143,0,1,0,1,0.377964473009227,1
"Zotu2211",1,0,0.142857142857143,0,0.142857142857143,0,1,0,1,0.377964473009227,1
"Zotu222",1,0,0.857142857142857,0,0.857142857142857,0,1,0,1,0.925820099772551,0.0239
"Zotu2232",1,0,0.285714285714286,0,0.285714285714286,0,1,0,1,0.534522483824849,0.4922
"Zotu2234",0,1,0,0.25,0,0.25,0,1,2,0.5,0.3677
"Zotu224",1,0,0.285714285714286,0,0.285714285714286,0,1,0,1,0.534522483824849,0.4992
"Zotu225",1,0,0.285714285714286,0,0.285714285714286,0,1,0,1,0.534522483824849,0.4855
"Zotu2251",1,0,0.142857142857143,0,0.142857142857143,0,1,0,1,0.377964473009227,1
"Zotu226",0.774193548387097,0.225806451612903,0.571428571428571,0.25,0.442396313364055,0.0564516129032258,1,0,1,0.665128794568432,0.404
"Zotu2260",0,1,0,0.5,0,0.5,0,1,2,0.707106781186548,0.1114
"Zotu227",1,0,0.428571428571429,0,0.428571428571429,0,1,0,1,0.654653670707977,0.4072
"Zotu23",0.852032520325203,0.147967479674797,1,0.25,0.852032520325203,0.0369918699186992,1,0,1,0.923056076479216,0.0104
"Zotu230",1,0,0.285714285714286,0,0.285714285714286,0,1,0,1,0.534522483824849,0.4992
"Zotu231",1,0,0.571428571428571,0,0.571428571428571,0,1,0,1,0.755928946018454,0.1949
"Zotu2314",1,0,0.142857142857143,0,0.142857142857143,0,1,0,1,0.377964473009227,1
"Zotu2318",1,0,0.142857142857143,0,0.142857142857143,0,1,0,1,0.377964473009227,1
"Zotu232",1,0,0.142857142857143,0,0.142857142857143,0,1,0,1,0.377964473009227,1
"Zotu2323",1,0,0.142857142857143,0,0.142857142857143,0,1,0,1,0.377964473009227,1
"Zotu233",1,0,0.142857142857143,0,0.142857142857143,0,1,0,1,0.377964473009227,1
"Zotu236",1,0,0.142857142857143,0,0.142857142857143,0,1,0,1,0.377964473009227,1
"Zotu2364",1,0,0.142857142857143,0,0.142857142857143,0,1,0,1,0.377964473009227,1
"Zotu2383",1,0,0.142857142857143,0,0.142857142857143,0,1,0,1,0.377964473009227,1
"Zotu2384",1,0,0.285714285714286,0,0.285714285714286,0,1,0,1,0.534522483824849,0.5011
"Zotu24",0.120868744098206,0.879131255901794,0.857142857142857,1,0.103601780655605,0.879131255901794,0,1,2,0.937619995468204,0.0524
"Zotu2404",1,0,0.142857142857143,0,0.142857142857143,0,1,0,1,0.377964473009227,1
"Zotu241",0.631578947368421,0.368421052631579,0.428571428571429,0.25,0.270676691729323,0.0921052631578947,1,0,1,0.520265981714472,1
"Zotu243",1,0,0.285714285714286,0,0.285714285714286,0,1,0,1,0.534522483824849,0.4951
"Zotu244",0.363636363636364,0.636363636363636,0.285714285714286,0.25,0.103896103896104,0.159090909090909,0,1,2,0.398862017608733,0.8285
"Zotu245",1,0,0.428571428571429,0,0.428571428571429,0,1,0,1,0.654653670707977,0.3244
"Zotu246",1,0,0.285714285714286,0,0.285714285714286,0,1,0,1,0.534522483824849,0.4836
"Zotu2469",1,0,0.142857142857143,0,0.142857142857143,0,1,0,1,0.377964473009227,1
"Zotu248",1,0,0.571428571428571,0,0.571428571428571,0,1,0,1,0.755928946018454,0.1938
"Zotu249",1,0,0.285714285714286,0,0.285714285714286,0,1,0,1,0.534522483824849,0.4992
"Zotu250",1,0,0.285714285714286,0,0.285714285714286,0,1,0,1,0.534522483824849,0.4955
"Zotu254",0.611111111111111,0.388888888888889,0.714285714285714,0.25,0.436507936507937,0.0972222222222222,1,0,1,0.66068747264341,0.4979
"Zotu255",1,0,0.571428571428571,0,0.571428571428571,0,1,0,1,0.755928946018454,0.2
"Zotu2553",1,0,0.285714285714286,0,0.285714285714286,0,1,0,1,0.534522483824849,0.4955
"Zotu256",1,0,0.428571428571429,0,0.428571428571429,0,1,0,1,0.654653670707977,0.2335
"Zotu257",1,0,1,0,1,0,1,0,1,1,0.0039
"Zotu26",0.363636363636364,0.636363636363636,0.571428571428571,0.25,0.207792207792208,0.159090909090909,1,0,1,0.455842305838552,1
"Zotu2615",1,0,0.142857142857143,0,0.142857142857143,0,1,0,1,0.377964473009227,1
"Zotu262",1,0,0.142857142857143,0,0.142857142857143,0,1,0,1,0.377964473009227,1
"Zotu2625",1,0,0.142857142857143,0,0.142857142857143,0,1,0,1,0.377964473009227,1
"Zotu2628",1,0,0.285714285714286,0,0.285714285714286,0,1,0,1,0.534522483824849,0.4855
"Zotu263",0,1,0,0.25,0,0.25,0,1,2,0.5,0.3677
"Zotu2636",1,0,0.142857142857143,0,0.142857142857143,0,1,0,1,0.377964473009227,1
"Zotu2638",1,0,0.142857142857143,0,0.142857142857143,0,1,0,1,0.377964473009227,1
"Zotu264",1,0,0.142857142857143,0,0.142857142857143,0,1,0,1,0.377964473009227,1
"Zotu265",1,0,0.428571428571429,0,0.428571428571429,0,1,0,1,0.654653670707977,0.2489
"Zotu267",1,0,0.428571428571429,0,0.428571428571429,0,1,0,1,0.654653670707977,0.4185
"Zotu268",1,0,0.571428571428571,0,0.571428571428571,0,1,0,1,0.755928946018454,0.1669
"Zotu269",1,0,0.714285714285714,0,0.714285714285714,0,1,0,1,0.845154254728517,0.0605
"Zotu2697",1,0,0.142857142857143,0,0.142857142857143,0,1,0,1,0.377964473009227,1
"Zotu27",0,1,0,0.75,0,0.75,0,1,2,0.866025403784439,0.0254
"Zotu271",1,0,0.428571428571429,0,0.428571428571429,0,1,0,1,0.654653670707977,0.3204
"Zotu272",1,0,0.428571428571429,0,0.428571428571429,0,1,0,1,0.654653670707977,0.2363
"Zotu275",1,0,0.285714285714286,0,0.285714285714286,0,1,0,1,0.534522483824849,0.4907
"Zotu276",1,0,0.142857142857143,0,0.142857142857143,0,1,0,1,0.377964473009227,1
"Zotu277",1,0,0.142857142857143,0,0.142857142857143,0,1,0,1,0.377964473009227,1
"Zotu278",1,0,0.142857142857143,0,0.142857142857143,0,1,0,1,0.377964473009227,1
"Zotu2780",0,1,0,0.25,0,0.25,0,1,2,0.5,0.3677
"Zotu279",1,0,0.285714285714286,0,0.285714285714286,0,1,0,1,0.534522483824849,0.4883
"Zotu28",0.118929633300297,0.881070366699703,0.857142857142857,1,0.101939685685969,0.881070366699703,0,1,2,0.938653485957253,0.0575
"Zotu280",0,1,0,0.25,0,0.25,0,1,2,0.5,0.3677
"Zotu283",1,0,0.285714285714286,0,0.285714285714286,0,1,0,1,0.534522483824849,0.4855
"Zotu2840",1,0,0.142857142857143,0,0.142857142857143,0,1,0,1,0.377964473009227,1
"Zotu2841",1,0,0.142857142857143,0,0.142857142857143,0,1,0,1,0.377964473009227,1
"Zotu287",1,0,0.714285714285714,0,0.714285714285714,0,1,0,1,0.845154254728517,0.0643
"Zotu289",1,0,0.142857142857143,0,0.142857142857143,0,1,0,1,0.377964473009227,1
"Zotu2897",1,0,0.142857142857143,0,0.142857142857143,0,1,0,1,0.377964473009227,1
"Zotu29",0.00613144280513508,0.993868557194865,0.714285714285714,1,0.00437960200366792,0.993868557194865,0,1,2,0.996929564811308,0.0148
"Zotu290",1,0,0.285714285714286,0,0.285714285714286,0,1,0,1,0.534522483824849,0.5011
"Zotu291",1,0,0.428571428571429,0,0.428571428571429,0,1,0,1,0.654653670707977,0.2416
"Zotu292",1,0,0.142857142857143,0,0.142857142857143,0,1,0,1,0.377964473009227,1
"Zotu2923",1,0,0.142857142857143,0,0.142857142857143,0,1,0,1,0.377964473009227,1
"Zotu2927",1,0,0.142857142857143,0,0.142857142857143,0,1,0,1,0.377964473009227,1
"Zotu2931",1,0,0.142857142857143,0,0.142857142857143,0,1,0,1,0.377964473009227,1
"Zotu295",1,0,0.285714285714286,0,0.285714285714286,0,1,0,1,0.534522483824849,0.4992
"Zotu2957",0,1,0,0.25,0,0.25,0,1,2,0.5,0.3584
"Zotu297",1,0,0.571428571428571,0,0.571428571428571,0,1,0,1,0.755928946018454,0.1765
"Zotu299",1,0,0.142857142857143,0,0.142857142857143,0,1,0,1,0.377964473009227,1
"Zotu30",0.494845360824742,0.505154639175258,0.857142857142857,0.5,0.424153166421208,0.252577319587629,1,0,1,0.651270424955108,0.7948
"Zotu305",1,0,0.285714285714286,0,0.285714285714286,0,1,0,1,0.534522483824849,0.4922
"Zotu3051",1,0,0.142857142857143,0,0.142857142857143,0,1,0,1,0.377964473009227,1
"Zotu307",1,0,0.142857142857143,0,0.142857142857143,0,1,0,1,0.377964473009227,1
"Zotu308",1,0,0.285714285714286,0,0.285714285714286,0,1,0,1,0.534522483824849,0.4962
"Zotu31",0.514285714285714,0.485714285714286,0.857142857142857,0.75,0.440816326530612,0.364285714285714,1,0,1,0.663940002206986,0.9231
"Zotu3100",1,0,0.142857142857143,0,0.142857142857143,0,1,0,1,0.377964473009227,1
"Zotu311",1,0,0.714285714285714,0,0.714285714285714,0,1,0,1,0.845154254728517,0.0642
"Zotu312",1,0,0.714285714285714,0,0.714285714285714,0,1,0,1,0.845154254728517,0.0593
"Zotu313",1,0,0.571428571428571,0,0.571428571428571,0,1,0,1,0.755928946018454,0.1938
"Zotu3143",1,0,0.142857142857143,0,0.142857142857143,0,1,0,1,0.377964473009227,1
"Zotu318",1,0,0.142857142857143,0,0.142857142857143,0,1,0,1,0.377964473009227,1
"Zotu32",0.154897494305239,0.845102505694761,1,1,0.154897494305239,0.845102505694761,0,1,2,0.919294569599299,0.1214
"Zotu321",1,0,0.142857142857143,0,0.142857142857143,0,1,0,1,0.377964473009227,1
"Zotu325",1,0,0.428571428571429,0,0.428571428571429,0,1,0,1,0.654653670707977,0.2359
"Zotu3269",1,0,0.142857142857143,0,0.142857142857143,0,1,0,1,0.377964473009227,1
"Zotu329",0.222222222222222,0.777777777777778,0.142857142857143,0.25,0.0317460317460317,0.194444444444444,0,1,2,0.440958551844098,0.7554
"Zotu33",0.455089820359281,0.544910179640719,1,0.75,0.455089820359281,0.408682634730539,1,0,1,0.674603454156056,0.9729
"Zotu3301",1,0,0.142857142857143,0,0.142857142857143,0,1,0,1,0.377964473009227,1
"Zotu331",1,0,0.285714285714286,0,0.285714285714286,0,1,0,1,0.534522483824849,0.4901
"Zotu332",1,0,0.142857142857143,0,0.142857142857143,0,1,0,1,0.377964473009227,1
"Zotu334",0.0307692307692308,0.969230769230769,0.428571428571429,0.25,0.0131868131868132,0.242307692307692,0,1,2,0.49224759248542,0.9797
"Zotu3379",1,0,0.142857142857143,0,0.142857142857143,0,1,0,1,0.377964473009227,1
"Zotu3384",1,0,0.142857142857143,0,0.142857142857143,0,1,0,1,0.377964473009227,1
"Zotu3385",0,1,0,0.25,0,0.25,0,1,2,0.5,0.3584
"Zotu3410",1,0,0.142857142857143,0,0.142857142857143,0,1,0,1,0.377964473009227,1
"Zotu3414",1,0,0.285714285714286,0,0.285714285714286,0,1,0,1,0.534522483824849,0.4934
"Zotu343",1,0,0.142857142857143,0,0.142857142857143,0,1,0,1,0.377964473009227,1
"Zotu345",1,0,0.285714285714286,0,0.285714285714286,0,1,0,1,0.534522483824849,0.4901
"Zotu3459",1,0,0.142857142857143,0,0.142857142857143,0,1,0,1,0.377964473009227,1
"Zotu3489",1,0,0.142857142857143,0,0.142857142857143,0,1,0,1,0.377964473009227,1
"Zotu35",0.406779661016949,0.593220338983051,0.857142857142857,1,0.348668280871671,0.593220338983051,0,1,2,0.770207984237408,0.3951
"Zotu350",1,0,0.285714285714286,0,0.285714285714286,0,1,0,1,0.534522483824849,0.4883
"Zotu352",1,0,0.142857142857143,0,0.142857142857143,0,1,0,1,0.377964473009227,1
"Zotu353",1,0,0.142857142857143,0,0.142857142857143,0,1,0,1,0.377964473009227,1
"Zotu355",1,0,0.285714285714286,0,0.285714285714286,0,1,0,1,0.534522483824849,0.4955
"Zotu356",1,0,0.285714285714286,0,0.285714285714286,0,1,0,1,0.534522483824849,0.4992
"Zotu3560",1,0,0.142857142857143,0,0.142857142857143,0,1,0,1,0.377964473009227,1
"Zotu362",1,0,0.428571428571429,0,0.428571428571429,0,1,0,1,0.654653670707977,0.3204
"Zotu364",1,0,0.428571428571429,0,0.428571428571429,0,1,0,1,0.654653670707977,0.413
"Zotu3643",1,0,0.142857142857143,0,0.142857142857143,0,1,0,1,0.377964473009227,1
"Zotu368",1,0,0.142857142857143,0,0.142857142857143,0,1,0,1,0.377964473009227,1
"Zotu37",0.309124767225326,0.690875232774674,1,1,0.309124767225326,0.690875232774674,0,1,2,0.83118904755457,0.1739
"Zotu370",0,1,0,0.25,0,0.25,0,1,2,0.5,0.3677
"Zotu371",1,0,0.285714285714286,0,0.285714285714286,0,1,0,1,0.534522483824849,0.4992
"Zotu377",1,0,0.142857142857143,0,0.142857142857143,0,1,0,1,0.377964473009227,1
"Zotu379",1,0,0.285714285714286,0,0.285714285714286,0,1,0,1,0.534522483824849,0.5011
"Zotu38",0.72,0.28,0.428571428571429,0.25,0.308571428571429,0.07,1,0,1,0.555492059863531,0.7027
"Zotu3805",1,0,0.142857142857143,0,0.142857142857143,0,1,0,1,0.377964473009227,1
"Zotu381",1,0,0.428571428571429,0,0.428571428571429,0,1,0,1,0.654653670707977,0.2459
"Zotu386",1,0,0.142857142857143,0,0.142857142857143,0,1,0,1,0.377964473009227,1
"Zotu387",0,1,0,0.25,0,0.25,0,1,2,0.5,0.3677
"Zotu389",1,0,0.571428571428571,0,0.571428571428571,0,1,0,1,0.755928946018454,0.1719
"Zotu390",1,0,0.428571428571429,0,0.428571428571429,0,1,0,1,0.654653670707977,0.2341
"Zotu391",1,0,0.142857142857143,0,0.142857142857143,0,1,0,1,0.377964473009227,1
"Zotu392",1,0,0.428571428571429,0,0.428571428571429,0,1,0,1,0.654653670707977,0.4061
"Zotu3924",1,0,0.142857142857143,0,0.142857142857143,0,1,0,1,0.377964473009227,1
"Zotu3926",1,0,0.142857142857143,0,0.142857142857143,0,1,0,1,0.377964473009227,1
"Zotu395",1,0,0.142857142857143,0,0.142857142857143,0,1,0,1,0.377964473009227,1
"Zotu3957",1,0,0.142857142857143,0,0.142857142857143,0,1,0,1,0.377964473009227,1
"Zotu4",0.642815249266862,0.357184750733138,1,0.75,0.642815249266862,0.267888563049853,1,0,1,0.801757600068039,0.2049
"Zotu40",0.607594936708861,0.392405063291139,1,0.75,0.607594936708861,0.294303797468354,1,0,1,0.779483762953957,0.324
"Zotu4050",1,0,0.142857142857143,0,0.142857142857143,0,1,0,1,0.377964473009227,1
"Zotu406",1,0,0.571428571428571,0,0.571428571428571,0,1,0,1,0.755928946018454,0.1777
"Zotu407",1,0,0.285714285714286,0,0.285714285714286,0,1,0,1,0.534522483824849,0.4992
"Zotu409",1,0,0.285714285714286,0,0.285714285714286,0,1,0,1,0.534522483824849,0.4836
"Zotu41",1,0,0.142857142857143,0,0.142857142857143,0,1,0,1,0.377964473009227,1
"Zotu410",1,0,0.428571428571429,0,0.428571428571429,0,1,0,1,0.654653670707977,0.3288
"Zotu411",1,0,0.285714285714286,0,0.285714285714286,0,1,0,1,0.534522483824849,0.4889
"Zotu412",1,0,0.428571428571429,0,0.428571428571429,0,1,0,1,0.654653670707977,0.2381
"Zotu4120",1,0,0.142857142857143,0,0.142857142857143,0,1,0,1,0.377964473009227,1
"Zotu4121",1,0,0.142857142857143,0,0.142857142857143,0,1,0,1,0.377964473009227,1
"Zotu413",1,0,0.285714285714286,0,0.285714285714286,0,1,0,1,0.534522483824849,0.5007
"Zotu414",1,0,0.285714285714286,0,0.285714285714286,0,1,0,1,0.534522483824849,0.5011
"Zotu4148",1,0,0.142857142857143,0,0.142857142857143,0,1,0,1,0.377964473009227,1
"Zotu415",0.774193548387097,0.225806451612903,0.428571428571429,0.25,0.331797235023041,0.0564516129032258,1,0,1,0.576018432884783,0.7016
"Zotu420",1,0,0.142857142857143,0,0.142857142857143,0,1,0,1,0.377964473009227,1
"Zotu421",1,0,0.142857142857143,0,0.142857142857143,0,1,0,1,0.377964473009227,1
"Zotu427",1,0,0.285714285714286,0,0.285714285714286,0,1,0,1,0.534522483824849,0.4934
"Zotu428",1,0,0.142857142857143,0,0.142857142857143,0,1,0,1,0.377964473009227,1
"Zotu43",0.116504854368932,0.883495145631068,0.714285714285714,1,0.0832177531206657,0.883495145631068,0,1,2,0.939944224744781,0.0578
"Zotu433",1,0,0.285714285714286,0,0.285714285714286,0,1,0,1,0.534522483824849,0.5007
"Zotu438",1,0,0.142857142857143,0,0.142857142857143,0,1,0,1,0.377964473009227,1
"Zotu44",0.750809061488673,0.249190938511327,0.857142857142857,1,0.643550624133148,0.249190938511327,1,0,1,0.8022160707273,0.3659
"Zotu441",1,0,0.571428571428571,0,0.571428571428571,0,1,0,1,0.755928946018454,0.1843
"Zotu443",1,0,0.142857142857143,0,0.142857142857143,0,1,0,1,0.377964473009227,1
"Zotu4430",1,0,0.142857142857143,0,0.142857142857143,0,1,0,1,0.377964473009227,1
"Zotu45",0.265878877400295,0.734121122599705,0.714285714285714,0.5,0.189913483857354,0.367060561299852,0,1,2,0.605855231305179,0.789
"Zotu4505",1,0,0.142857142857143,0,0.142857142857143,0,1,0,1,0.377964473009227,1
"Zotu453",1,0,0.285714285714286,0,0.285714285714286,0,1,0,1,0.534522483824849,0.5016
"Zotu454",1,0,0.571428571428571,0,0.571428571428571,0,1,0,1,0.755928946018454,0.1938
"Zotu4579",0,1,0,0.25,0,0.25,0,1,2,0.5,0.3677
"Zotu4590",1,0,0.142857142857143,0,0.142857142857143,0,1,0,1,0.377964473009227,1
"Zotu46",0.389261744966443,0.610738255033557,0.714285714285714,1,0.278044103547459,0.610738255033557,0,1,2,0.781497444035204,0.2967
"Zotu4604",1,0,0.142857142857143,0,0.142857142857143,0,1,0,1,0.377964473009227,1
"Zotu461",1,0,0.142857142857143,0,0.142857142857143,0,1,0,1,0.377964473009227,1
"Zotu463",1,0,0.142857142857143,0,0.142857142857143,0,1,0,1,0.377964473009227,1
"Zotu4648",1,0,0.142857142857143,0,0.142857142857143,0,1,0,1,0.377964473009227,1
"Zotu465",1,0,0.285714285714286,0,0.285714285714286,0,1,0,1,0.534522483824849,0.4934
"Zotu466",1,0,0.285714285714286,0,0.285714285714286,0,1,0,1,0.534522483824849,0.4883
"Zotu468",1,0,0.428571428571429,0,0.428571428571429,0,1,0,1,0.654653670707977,0.2453
"Zotu469",1,0,0.571428571428571,0,0.571428571428571,0,1,0,1,0.755928946018454,0.173
"Zotu47",0.654320987654321,0.345679012345679,1,0.25,0.654320987654321,0.0864197530864197,1,0,1,0.808901098808946,0.1257
"Zotu471",1,0,0.285714285714286,0,0.285714285714286,0,1,0,1,0.534522483824849,0.4934
"Zotu474",1,0,0.285714285714286,0,0.285714285714286,0,1,0,1,0.534522483824849,0.4874
"Zotu4742",1,0,0.142857142857143,0,0.142857142857143,0,1,0,1,0.377964473009227,1
"Zotu475",1,0,0.571428571428571,0,0.571428571428571,0,1,0,1,0.755928946018454,0.1843
"Zotu476",0,1,0,0.75,0,0.75,0,1,2,0.866025403784439,0.0254
"Zotu4761",1,0,0.142857142857143,0,0.142857142857143,0,1,0,1,0.377964473009227,1
"Zotu477",1,0,0.428571428571429,0,0.428571428571429,0,1,0,1,0.654653670707977,0.4068
"Zotu4784",1,0,0.142857142857143,0,0.142857142857143,0,1,0,1,0.377964473009227,1
"Zotu479",1,0,0.428571428571429,0,0.428571428571429,0,1,0,1,0.654653670707977,0.2341
"Zotu48",0.60377358490566,0.39622641509434,1,0.25,0.60377358490566,0.0990566037735849,1,0,1,0.777028689885811,0.2459
"Zotu481",1,0,0.142857142857143,0,0.142857142857143,0,1,0,1,0.377964473009227,1
"Zotu484",1,0,0.285714285714286,0,0.285714285714286,0,1,0,1,0.534522483824849,0.4836
"Zotu488",1,0,0.428571428571429,0,0.428571428571429,0,1,0,1,0.654653670707977,0.4
"Zotu4885",1,0,0.285714285714286,0,0.285714285714286,0,1,0,1,0.534522483824849,0.4934
"Zotu4886",0,1,0,0.25,0,0.25,0,1,2,0.5,0.3666
"Zotu49",0.678899082568807,0.321100917431193,0.714285714285714,0.75,0.484927916120577,0.240825688073394,1,0,1,0.696367658726751,0.5902
"Zotu491",1,0,0.285714285714286,0,0.285714285714286,0,1,0,1,0.534522483824849,0.4992
"Zotu495",1,0,0.142857142857143,0,0.142857142857143,0,1,0,1,0.377964473009227,1
"Zotu496",1,0,0.428571428571429,0,0.428571428571429,0,1,0,1,0.654653670707977,0.2407
"Zotu4960",1,0,0.285714285714286,0,0.285714285714286,0,1,0,1,0.534522483824849,0.4764
"Zotu4973",1,0,0.142857142857143,0,0.142857142857143,0,1,0,1,0.377964473009227,1
"Zotu498",1,0,0.285714285714286,0,0.285714285714286,0,1,0,1,0.534522483824849,0.4992
"Zotu4983",1,0,0.142857142857143,0,0.142857142857143,0,1,0,1,0.377964473009227,1
"Zotu5",0.584312480152429,0.415687519847571,0.857142857142857,1,0.500839268702082,0.415687519847571,1,0,1,0.707699984952722,0.7883
"Zotu50",0.754385964912281,0.245614035087719,0.714285714285714,0.75,0.538847117794486,0.184210526315789,1,0,1,0.734062066718126,0.3993
"Zotu502",1,0,0.142857142857143,0,0.142857142857143,0,1,0,1,0.377964473009227,1
"Zotu5033",1,0,0.142857142857143,0,0.142857142857143,0,1,0,1,0.377964473009227,1
"Zotu505",1,0,0.428571428571429,0,0.428571428571429,0,1,0,1,0.654653670707977,0.2459
"Zotu5067",1,0,0.142857142857143,0,0.142857142857143,0,1,0,1,0.377964473009227,1
"Zotu507",1,0,0.142857142857143,0,0.142857142857143,0,1,0,1,0.377964473009227,1
"Zotu5078",0,1,0,0.25,0,0.25,0,1,2,0.5,0.3677
"Zotu508",1,0,0.285714285714286,0,0.285714285714286,0,1,0,1,0.534522483824849,0.4922
"Zotu51",0.88135593220339,0.11864406779661,0.857142857142857,0.25,0.75544794188862,0.0296610169491525,1,0,1,0.869165083219879,0.0358
"Zotu510",1,0,0.142857142857143,0,0.142857142857143,0,1,0,1,0.377964473009227,1
"Zotu5176",0,1,0,0.25,0,0.25,0,1,2,0.5,0.3677
"Zotu518",1,0,0.285714285714286,0,0.285714285714286,0,1,0,1,0.534522483824849,0.4992
"Zotu52",0.829268292682927,0.170731707317073,0.857142857142857,0.25,0.710801393728223,0.0426829268292683,1,0,1,0.843090382893924,0.11
"Zotu5238",1,0,0.142857142857143,0,0.142857142857143,0,1,0,1,0.377964473009227,1
"Zotu526",1,0,0.142857142857143,0,0.142857142857143,0,1,0,1,0.377964473009227,1
"Zotu528",1,0,0.142857142857143,0,0.142857142857143,0,1,0,1,0.377964473009227,1
"Zotu5292",1,0,0.142857142857143,0,0.142857142857143,0,1,0,1,0.377964473009227,1
"Zotu53",0.95364238410596,0.0463576158940397,1,0.25,0.95364238410596,0.0115894039735099,1,0,1,0.976546150525391,0.0039
"Zotu531",1,0,0.428571428571429,0,0.428571428571429,0,1,0,1,0.654653670707977,0.2381
"Zotu536",0.16,0.84,0.142857142857143,0.25,0.0228571428571429,0.21,0,1,2,0.458257569495584,0.7465
"Zotu538",1,0,0.285714285714286,0,0.285714285714286,0,1,0,1,0.534522483824849,0.4836
"Zotu5396",1,0,0.142857142857143,0,0.142857142857143,0,1,0,1,0.377964473009227,1
"Zotu54",0.851063829787234,0.148936170212766,0.857142857142857,0.5,0.729483282674772,0.074468085106383,1,0,1,0.854097935060595,0.1114
"Zotu540",0.533333333333333,0.466666666666667,0.285714285714286,0.25,0.152380952380952,0.116666666666667,1,0,1,0.390360029179413,1
"Zotu542",1,0,0.142857142857143,0,0.142857142857143,0,1,0,1,0.377964473009227,1
"Zotu5437",0,1,0,0.25,0,0.25,0,1,2,0.5,0.3677
"Zotu544",1,0,0.142857142857143,0,0.142857142857143,0,1,0,1,0.377964473009227,1
"Zotu5446",1,0,0.142857142857143,0,0.142857142857143,0,1,0,1,0.377964473009227,1
"Zotu545",1,0,0.142857142857143,0,0.142857142857143,0,1,0,1,0.377964473009227,1
"Zotu546",1,0,0.142857142857143,0,0.142857142857143,0,1,0,1,0.377964473009227,1
"Zotu5490",1,0,0.142857142857143,0,0.142857142857143,0,1,0,1,0.377964473009227,1
"Zotu551",1,0,0.142857142857143,0,0.142857142857143,0,1,0,1,0.377964473009227,1
"Zotu555",1,0,0.142857142857143,0,0.142857142857143,0,1,0,1,0.377964473009227,1
"Zotu5557",1,0,0.142857142857143,0,0.142857142857143,0,1,0,1,0.377964473009227,1
"Zotu556",0,1,0,0.25,0,0.25,0,1,2,0.5,0.3677
"Zotu557",1,0,0.428571428571429,0,0.428571428571429,0,1,0,1,0.654653670707977,0.3204
"Zotu56",1,0,0.428571428571429,0,0.428571428571429,0,1,0,1,0.654653670707977,0.3288
"Zotu564",1,0,0.285714285714286,0,0.285714285714286,0,1,0,1,0.534522483824849,0.4874
"Zotu565",1,0,0.142857142857143,0,0.142857142857143,0,1,0,1,0.377964473009227,1
"Zotu567",1,0,0.571428571428571,0,0.571428571428571,0,1,0,1,0.755928946018454,0.1765
"Zotu57",0.8,0.2,0.857142857142857,0.5,0.685714285714286,0.1,1,0,1,0.828078671210825,0.1605
"Zotu570",1,0,0.428571428571429,0,0.428571428571429,0,1,0,1,0.654653670707977,0.2381
"Zotu5744",1,0,0.142857142857143,0,0.142857142857143,0,1,0,1,0.377964473009227,1
"Zotu575",1,0,0.142857142857143,0,0.142857142857143,0,1,0,1,0.377964473009227,1
"Zotu576",1,0,0.142857142857143,0,0.142857142857143,0,1,0,1,0.377964473009227,1
"Zotu5760",1,0,0.142857142857143,0,0.142857142857143,0,1,0,1,0.377964473009227,1
"Zotu58",0.533333333333333,0.466666666666667,0.428571428571429,0.25,0.228571428571429,0.116666666666667,1,0,1,0.478091443733757,0.8313
"Zotu580",1,0,0.285714285714286,0,0.285714285714286,0,1,0,1,0.534522483824849,0.4907
"Zotu585",1,0,0.285714285714286,0,0.285714285714286,0,1,0,1,0.534522483824849,0.4901
"Zotu586",1,0,0.428571428571429,0,0.428571428571429,0,1,0,1,0.654653670707977,0.4012
"Zotu5888",1,0,0.142857142857143,0,0.142857142857143,0,1,0,1,0.377964473009227,1
"Zotu589",1,0,0.142857142857143,0,0.142857142857143,0,1,0,1,0.377964473009227,1
"Zotu59",1,0,0.857142857142857,0,0.857142857142857,0,1,0,1,0.925820099772551,0.0314
"Zotu5903",1,0,0.142857142857143,0,0.142857142857143,0,1,0,1,0.377964473009227,1
"Zotu591",1,0,0.142857142857143,0,0.142857142857143,0,1,0,1,0.377964473009227,1
"Zotu592",1,0,0.142857142857143,0,0.142857142857143,0,1,0,1,0.377964473009227,1
"Zotu594",1,0,0.142857142857143,0,0.142857142857143,0,1,0,1,0.377964473009227,1
"Zotu5953",1,0,0.142857142857143,0,0.142857142857143,0,1,0,1,0.377964473009227,1
"Zotu597",1,0,0.285714285714286,0,0.285714285714286,0,1,0,1,0.534522483824849,0.4836
"Zotu6",0.856576338400529,0.143423661599471,1,1,0.856576338400529,0.143423661599471,1,0,1,0.925514094112309,0.0105
"Zotu60",0.948148148148148,0.0518518518518519,0.857142857142857,0.25,0.812698412698413,0.012962962962963,1,0,1,0.901497871710418,0.0595
"Zotu600",1,0,0.285714285714286,0,0.285714285714286,0,1,0,1,0.534522483824849,0.491
"Zotu602",1,0,0.142857142857143,0,0.142857142857143,0,1,0,1,0.377964473009227,1
"Zotu603",0,1,0,0.25,0,0.25,0,1,2,0.5,0.3677
"Zotu6044",1,0,0.142857142857143,0,0.142857142857143,0,1,0,1,0.377964473009227,1
"Zotu61",0.523560209424084,0.476439790575916,1,0.5,0.523560209424084,0.238219895287958,1,0,1,0.723574605292422,0.5452
"Zotu610",1,0,0.428571428571429,0,0.428571428571429,0,1,0,1,0.654653670707977,0.4048
"Zotu612",1,0,0.142857142857143,0,0.142857142857143,0,1,0,1,0.377964473009227,1
"Zotu6130",1,0,0.142857142857143,0,0.142857142857143,0,1,0,1,0.377964473009227,1
"Zotu6140",1,0,0.142857142857143,0,0.142857142857143,0,1,0,1,0.377964473009227,1
"Zotu617",1,0,0.142857142857143,0,0.142857142857143,0,1,0,1,0.377964473009227,1
"Zotu619",0,1,0,0.25,0,0.25,0,1,2,0.5,0.3677
"Zotu6192",1,0,0.142857142857143,0,0.142857142857143,0,1,0,1,0.377964473009227,1
"Zotu62",1,0,0.714285714285714,0,0.714285714285714,0,1,0,1,0.845154254728517,0.0586
"Zotu620",1,0,0.571428571428571,0,0.571428571428571,0,1,0,1,0.755928946018454,0.1682
"Zotu6200",1,0,0.142857142857143,0,0.142857142857143,0,1,0,1,0.377964473009227,1
"Zotu6290",1,0,0.142857142857143,0,0.142857142857143,0,1,0,1,0.377964473009227,1
"Zotu63",1,0,0.142857142857143,0,0.142857142857143,0,1,0,1,0.377964473009227,1
"Zotu630",1,0,0.428571428571429,0,0.428571428571429,0,1,0,1,0.654653670707977,0.2416
"Zotu631",1,0,0.142857142857143,0,0.142857142857143,0,1,0,1,0.377964473009227,1
"Zotu637",1,0,0.142857142857143,0,0.142857142857143,0,1,0,1,0.377964473009227,1
"Zotu639",1,0,0.428571428571429,0,0.428571428571429,0,1,0,1,0.654653670707977,0.3128
"Zotu641",1,0,0.285714285714286,0,0.285714285714286,0,1,0,1,0.534522483824849,0.4992
"Zotu643",1,0,0.285714285714286,0,0.285714285714286,0,1,0,1,0.534522483824849,0.4992
"Zotu6447",1,0,0.142857142857143,0,0.142857142857143,0,1,0,1,0.377964473009227,1
"Zotu6462",1,0,0.142857142857143,0,0.142857142857143,0,1,0,1,0.377964473009227,1
"Zotu647",1,0,0.285714285714286,0,0.285714285714286,0,1,0,1,0.534522483824849,0.4927
"Zotu65",1,0,1,0,1,0,1,0,1,1,0.0039
"Zotu652",1,0,0.142857142857143,0,0.142857142857143,0,1,0,1,0.377964473009227,1
"Zotu6522",1,0,0.142857142857143,0,0.142857142857143,0,1,0,1,0.377964473009227,1
"Zotu655",1,0,0.285714285714286,0,0.285714285714286,0,1,0,1,0.534522483824849,0.4992
"Zotu657",1,0,0.142857142857143,0,0.142857142857143,0,1,0,1,0.377964473009227,1
"Zotu66",1,0,0.857142857142857,0,0.857142857142857,0,1,0,1,0.925820099772551,0.0269
"Zotu660",1,0,0.142857142857143,0,0.142857142857143,0,1,0,1,0.377964473009227,1
"Zotu661",1,0,0.142857142857143,0,0.142857142857143,0,1,0,1,0.377964473009227,1
"Zotu6619",0,1,0,0.25,0,0.25,0,1,2,0.5,0.365
"Zotu662",1,0,0.142857142857143,0,0.142857142857143,0,1,0,1,0.377964473009227,1
"Zotu664",1,0,0.142857142857143,0,0.142857142857143,0,1,0,1,0.377964473009227,1
"Zotu6652",1,0,0.142857142857143,0,0.142857142857143,0,1,0,1,0.377964473009227,1
"Zotu668",1,0,0.285714285714286,0,0.285714285714286,0,1,0,1,0.534522483824849,0.4883
"Zotu669",1,0,0.142857142857143,0,0.142857142857143,0,1,0,1,0.377964473009227,1
"Zotu6690",1,0,0.142857142857143,0,0.142857142857143,0,1,0,1,0.377964473009227,1
"Zotu67",0.941176470588235,0.0588235294117647,0.857142857142857,0.25,0.80672268907563,0.0147058823529412,1,0,1,0.898177426278144,0.0591
"Zotu6714",1,0,0.142857142857143,0,0.142857142857143,0,1,0,1,0.377964473009227,1
"Zotu672",1,0,0.428571428571429,0,0.428571428571429,0,1,0,1,0.654653670707977,0.2335
"Zotu6733",1,0,0.142857142857143,0,0.142857142857143,0,1,0,1,0.377964473009227,1
"Zotu674",1,0,0.285714285714286,0,0.285714285714286,0,1,0,1,0.534522483824849,0.4992
"Zotu675",1,0,0.285714285714286,0,0.285714285714286,0,1,0,1,0.534522483824849,0.4992
"Zotu677",1,0,0.714285714285714,0,0.714285714285714,0,1,0,1,0.845154254728517,0.0607
"Zotu68",1,0,0.714285714285714,0,0.714285714285714,0,1,0,1,0.845154254728517,0.0618
"Zotu6800",1,0,0.142857142857143,0,0.142857142857143,0,1,0,1,0.377964473009227,1
"Zotu681",1,0,0.142857142857143,0,0.142857142857143,0,1,0,1,0.377964473009227,1
"Zotu686",1,0,0.142857142857143,0,0.142857142857143,0,1,0,1,0.377964473009227,1
"Zotu6887",1,0,0.142857142857143,0,0.142857142857143,0,1,0,1,0.377964473009227,1
"Zotu689",1,0,0.142857142857143,0,0.142857142857143,0,1,0,1,0.377964473009227,1
"Zotu69",0.926315789473684,0.0736842105263158,0.714285714285714,0.25,0.661654135338346,0.0184210526315789,1,0,1,0.813421253311189,0.14
"Zotu695",1,0,0.142857142857143,0,0.142857142857143,0,1,0,1,0.377964473009227,1
"Zotu697",1,0,0.571428571428571,0,0.571428571428571,0,1,0,1,0.755928946018454,0.1777
"Zotu7",0.82051282051282,0.179487179487179,1,1,0.82051282051282,0.179487179487179,1,0,1,0.905821627315677,0.0205
"Zotu70",0.695652173913043,0.304347826086957,1,0.25,0.695652173913043,0.0760869565217391,1,0,1,0.834057656228299,0.0938
"Zotu7026",1,0,0.142857142857143,0,0.142857142857143,0,1,0,1,0.377964473009227,1
"Zotu703",1,0,0.142857142857143,0,0.142857142857143,0,1,0,1,0.377964473009227,1
"Zotu705",1,0,0.142857142857143,0,0.142857142857143,0,1,0,1,0.377964473009227,1
"Zotu71",0.671140939597315,0.328859060402685,0.714285714285714,0.25,0.479386385426654,0.0822147651006711,1,0,1,0.692377343236081,0.3314
"Zotu712",1,0,0.142857142857143,0,0.142857142857143,0,1,0,1,0.377964473009227,1
"Zotu717",1,0,0.142857142857143,0,0.142857142857143,0,1,0,1,0.377964473009227,1
"Zotu718",1,0,0.142857142857143,0,0.142857142857143,0,1,0,1,0.377964473009227,1
"Zotu72",0.098159509202454,0.901840490797546,0.571428571428571,0.25,0.056091148115688,0.225460122699387,0,1,2,0.474826413228441,1
"Zotu720",1,0,0.142857142857143,0,0.142857142857143,0,1,0,1,0.377964473009227,1
"Zotu721",1,0,0.285714285714286,0,0.285714285714286,0,1,0,1,0.534522483824849,0.4836
"Zotu725",1,0,0.142857142857143,0,0.142857142857143,0,1,0,1,0.377964473009227,1
"Zotu7251",0,1,0,0.25,0,0.25,0,1,2,0.5,0.3666
"Zotu7282",1,0,0.142857142857143,0,0.142857142857143,0,1,0,1,0.377964473009227,1
"Zotu73",0.814159292035398,0.185840707964602,1,0.5,0.814159292035398,0.0929203539823009,1,0,1,0.902307759046434,0.0384
"Zotu7312",1,0,0.142857142857143,0,0.142857142857143,0,1,0,1,0.377964473009227,1
"Zotu733",1,0,0.142857142857143,0,0.142857142857143,0,1,0,1,0.377964473009227,1
"Zotu7335",1,0,0.142857142857143,0,0.142857142857143,0,1,0,1,0.377964473009227,1
"Zotu7399",1,0,0.142857142857143,0,0.142857142857143,0,1,0,1,0.377964473009227,1
"Zotu74",0.560386473429952,0.439613526570048,0.714285714285714,0.25,0.400276052449966,0.109903381642512,1,0,1,0.632673733017237,0.5816
"Zotu741",1,0,0.142857142857143,0,0.142857142857143,0,1,0,1,0.377964473009227,1
"Zotu747",1,0,0.142857142857143,0,0.142857142857143,0,1,0,1,0.377964473009227,1
"Zotu75",0.0666666666666667,0.933333333333333,0.714285714285714,0.75,0.0476190476190476,0.7,0,1,2,0.836660026534076,0.2747
"Zotu755",1,0,0.142857142857143,0,0.142857142857143,0,1,0,1,0.377964473009227,1
"Zotu756",1,0,0.142857142857143,0,0.142857142857143,0,1,0,1,0.377964473009227,1
"Zotu7573",0,1,0,0.25,0,0.25,0,1,2,0.5,0.3677
"Zotu7583",1,0,0.142857142857143,0,0.142857142857143,0,1,0,1,0.377964473009227,1
"Zotu7592",1,0,0.142857142857143,0,0.142857142857143,0,1,0,1,0.377964473009227,1
"Zotu76",1,0,1,0,1,0,1,0,1,1,0.0039
"Zotu764",0,1,0,0.25,0,0.25,0,1,2,0.5,0.3584
"Zotu7644",1,0,0.142857142857143,0,0.142857142857143,0,1,0,1,0.377964473009227,1
"Zotu765",1,0,0.142857142857143,0,0.142857142857143,0,1,0,1,0.377964473009227,1
"Zotu768",1,0,0.142857142857143,0,0.142857142857143,0,1,0,1,0.377964473009227,1
"Zotu769",1,0,0.142857142857143,0,0.142857142857143,0,1,0,1,0.377964473009227,1
"Zotu77",0.787878787878788,0.212121212121212,0.714285714285714,0.75,0.562770562770563,0.159090909090909,1,0,1,0.750180353495453,0.4475
"Zotu7708",0,1,0,0.25,0,0.25,0,1,2,0.5,0.3677
"Zotu771",1,0,0.142857142857143,0,0.142857142857143,0,1,0,1,0.377964473009227,1
"Zotu7713",1,0,0.142857142857143,0,0.142857142857143,0,1,0,1,0.377964473009227,1
"Zotu7718",1,0,0.142857142857143,0,0.142857142857143,0,1,0,1,0.377964473009227,1
"Zotu7721",1,0,0.142857142857143,0,0.142857142857143,0,1,0,1,0.377964473009227,1
"Zotu7728",1,0,0.142857142857143,0,0.142857142857143,0,1,0,1,0.377964473009227,1
"Zotu774",1,0,0.142857142857143,0,0.142857142857143,0,1,0,1,0.377964473009227,1
"Zotu7789",1,0,0.142857142857143,0,0.142857142857143,0,1,0,1,0.377964473009227,1
"Zotu78",0.151515151515152,0.848484848484849,0.285714285714286,0.25,0.0432900432900433,0.212121212121212,0,1,2,0.460566186471838,0.914
"Zotu7829",1,0,0.142857142857143,0,0.142857142857143,0,1,0,1,0.377964473009227,1
"Zotu783",1,0,0.428571428571429,0,0.428571428571429,0,1,0,1,0.654653670707977,0.2381
"Zotu785",1,0,0.285714285714286,0,0.285714285714286,0,1,0,1,0.534522483824849,0.4907
"Zotu7850",1,0,0.142857142857143,0,0.142857142857143,0,1,0,1,0.377964473009227,1
"Zotu788",1,0,0.142857142857143,0,0.142857142857143,0,1,0,1,0.377964473009227,1
"Zotu79",1,0,0.857142857142857,0,0.857142857142857,0,1,0,1,0.925820099772551,0.0223
"Zotu792",1,0,0.142857142857143,0,0.142857142857143,0,1,0,1,0.377964473009227,1
"Zotu793",1,0,0.285714285714286,0,0.285714285714286,0,1,0,1,0.534522483824849,0.491
"Zotu7966",1,0,0.142857142857143,0,0.142857142857143,0,1,0,1,0.377964473009227,1
"Zotu798",1,0,0.142857142857143,0,0.142857142857143,0,1,0,1,0.377964473009227,1
"Zotu80",0.785276073619632,0.214723926380368,0.857142857142857,0.5,0.673093777388256,0.107361963190184,1,0,1,0.820422925927997,0.1292
"Zotu806",1,0,0.142857142857143,0,0.142857142857143,0,1,0,1,0.377964473009227,1
"Zotu81",1,0,0.571428571428571,0,0.571428571428571,0,1,0,1,0.755928946018454,0.1719
"Zotu8117",0,1,0,0.25,0,0.25,0,1,2,0.5,0.3677
"Zotu8139",1,0,0.142857142857143,0,0.142857142857143,0,1,0,1,0.377964473009227,1
"Zotu817",1,0,0.142857142857143,0,0.142857142857143,0,1,0,1,0.377964473009227,1
"Zotu82",0.695652173913043,0.304347826086957,0.857142857142857,0.5,0.596273291925466,0.152173913043478,1,0,1,0.772187342505344,0.2901
"Zotu820",1,0,0.142857142857143,0,0.142857142857143,0,1,0,1,0.377964473009227,1
"Zotu824",1,0,0.142857142857143,0,0.142857142857143,0,1,0,1,0.377964473009227,1
"Zotu8243",1,0,0.142857142857143,0,0.142857142857143,0,1,0,1,0.377964473009227,1
"Zotu8260",1,0,0.142857142857143,0,0.142857142857143,0,1,0,1,0.377964473009227,1
"Zotu83",0.660194174757281,0.339805825242718,1,0.25,0.660194174757281,0.0849514563106796,1,0,1,0.812523337976997,0.1545
"Zotu831",0.461538461538462,0.538461538461538,0.428571428571429,0.25,0.197802197802198,0.134615384615385,1,0,1,0.444749589996661,1
"Zotu8335",1,0,0.142857142857143,0,0.142857142857143,0,1,0,1,0.377964473009227,1
"Zotu834",1,0,0.142857142857143,0,0.142857142857143,0,1,0,1,0.377964473009227,1
"Zotu835",1,0,0.142857142857143,0,0.142857142857143,0,1,0,1,0.377964473009227,1
"Zotu8355",1,0,0.142857142857143,0,0.142857142857143,0,1,0,1,0.377964473009227,1
"Zotu8370",1,0,0.142857142857143,0,0.142857142857143,0,1,0,1,0.377964473009227,1
"Zotu84",0.0837696335078534,0.916230366492147,0.428571428571429,0.5,0.0359012715033657,0.458115183246073,0,1,2,0.676842066693607,0.5801
"Zotu843",1,0,0.142857142857143,0,0.142857142857143,0,1,0,1,0.377964473009227,1
"Zotu848",1,0,0.142857142857143,0,0.142857142857143,0,1,0,1,0.377964473009227,1
"Zotu85",0.0291970802919708,0.970802919708029,0.571428571428571,0.75,0.0166840458811262,0.728102189781022,0,1,2,0.853289042342055,0.137
"Zotu850",1,0,0.285714285714286,0,0.285714285714286,0,1,0,1,0.534522483824849,0.5016
"Zotu856",1,0,0.142857142857143,0,0.142857142857143,0,1,0,1,0.377964473009227,1
"Zotu86",1,0,0.285714285714286,0,0.285714285714286,0,1,0,1,0.534522483824849,0.4992
"Zotu8641",1,0,0.142857142857143,0,0.142857142857143,0,1,0,1,0.377964473009227,1
"Zotu8784",0,1,0,0.25,0,0.25,0,1,2,0.5,0.3677
"Zotu88",0.875,0.125,0.857142857142857,0.25,0.75,0.03125,1,0,1,0.866025403784439,0.0733
"Zotu880",1,0,0.142857142857143,0,0.142857142857143,0,1,0,1,0.377964473009227,1
"Zotu8800",1,0,0.142857142857143,0,0.142857142857143,0,1,0,1,0.377964473009227,1
"Zotu8802",1,0,0.142857142857143,0,0.142857142857143,0,1,0,1,0.377964473009227,1
"Zotu8835",1,0,0.142857142857143,0,0.142857142857143,0,1,0,1,0.377964473009227,1
"Zotu89",0.1152,0.8848,1,0.75,0.1152,0.6636,0,1,2,0.814616474176652,0.6999
"Zotu892",1,0,0.142857142857143,0,0.142857142857143,0,1,0,1,0.377964473009227,1
"Zotu8997",0,1,0,0.25,0,0.25,0,1,2,0.5,0.365
"Zotu9",0.774193548387097,0.225806451612903,1,1,0.774193548387097,0.225806451612903,1,0,1,0.87988269012812,0.0389
"Zotu902",1,0,0.142857142857143,0,0.142857142857143,0,1,0,1,0.377964473009227,1
"Zotu903",1,0,0.142857142857143,0,0.142857142857143,0,1,0,1,0.377964473009227,1
"Zotu9044",1,0,0.142857142857143,0,0.142857142857143,0,1,0,1,0.377964473009227,1
"Zotu9053",1,0,0.142857142857143,0,0.142857142857143,0,1,0,1,0.377964473009227,1
"Zotu9088",1,0,0.142857142857143,0,0.142857142857143,0,1,0,1,0.377964473009227,1
"Zotu910",1,0,0.285714285714286,0,0.285714285714286,0,1,0,1,0.534522483824849,0.4922
"Zotu911",1,0,0.142857142857143,0,0.142857142857143,0,1,0,1,0.377964473009227,1
"Zotu912",1,0,0.142857142857143,0,0.142857142857143,0,1,0,1,0.377964473009227,1
"Zotu914",1,0,0.142857142857143,0,0.142857142857143,0,1,0,1,0.377964473009227,1
"Zotu915",1,0,0.285714285714286,0,0.285714285714286,0,1,0,1,0.534522483824849,0.4992
"Zotu92",0.752941176470588,0.247058823529412,0.857142857142857,0.25,0.645378151260504,0.0617647058823529,1,0,1,0.803354312405494,0.1446
"Zotu9329",1,0,0.142857142857143,0,0.142857142857143,0,1,0,1,0.377964473009227,1
"Zotu934",1,0,0.142857142857143,0,0.142857142857143,0,1,0,1,0.377964473009227,1
"Zotu939",1,0,0.142857142857143,0,0.142857142857143,0,1,0,1,0.377964473009227,1
"Zotu94",0.847826086956522,0.152173913043478,0.714285714285714,0.25,0.605590062111801,0.0380434782608696,1,0,1,0.778196673156472,0.2031
"Zotu945",1,0,0.142857142857143,0,0.142857142857143,0,1,0,1,0.377964473009227,1
"Zotu95",0,1,0,0.5,0,0.5,0,1,2,0.707106781186548,0.1132
"Zotu951",1,0,0.142857142857143,0,0.142857142857143,0,1,0,1,0.377964473009227,1
"Zotu9517",1,0,0.142857142857143,0,0.142857142857143,0,1,0,1,0.377964473009227,1
"Zotu9586",1,0,0.142857142857143,0,0.142857142857143,0,1,0,1,0.377964473009227,1
"Zotu959",1,0,0.142857142857143,0,0.142857142857143,0,1,0,1,0.377964473009227,1
"Zotu96",0.82051282051282,0.179487179487179,0.857142857142857,0.25,0.703296703296703,0.0448717948717949,1,0,1,0.838627869377535,0.1379
"Zotu960",1,0,0.428571428571429,0,0.428571428571429,0,1,0,1,0.654653670707977,0.2352
"Zotu961",0,1,0,0.5,0,0.5,0,1,2,0.707106781186548,0.1114
"Zotu964",1,0,0.142857142857143,0,0.142857142857143,0,1,0,1,0.377964473009227,1
"Zotu965",1,0,0.142857142857143,0,0.142857142857143,0,1,0,1,0.377964473009227,1
"Zotu9656",1,0,0.142857142857143,0,0.142857142857143,0,1,0,1,0.377964473009227,1
"Zotu972",1,0,0.142857142857143,0,0.142857142857143,0,1,0,1,0.377964473009227,1
"Zotu977",1,0,0.142857142857143,0,0.142857142857143,0,1,0,1,0.377964473009227,1
"Zotu9774",1,0,0.142857142857143,0,0.142857142857143,0,1,0,1,0.377964473009227,1
"Zotu9796",1,0,0.142857142857143,0,0.142857142857143,0,1,0,1,0.377964473009227,1
"Zotu981",1,0,0.142857142857143,0,0.142857142857143,0,1,0,1,0.377964473009227,1
"Zotu985",1,0,0.142857142857143,0,0.142857142857143,0,1,0,1,0.377964473009227,1
"Zotu9869",1,0,0.142857142857143,0,0.142857142857143,0,1,0,1,0.377964473009227,1
"Zotu99",1,0,0.857142857142857,0,0.857142857142857,0,1,0,1,0.925820099772551,0.0475
"Zotu990",1,0,0.142857142857143,0,0.142857142857143,0,1,0,1,0.377964473009227,1
"Zotu9931",1,0,0.142857142857143,0,0.142857142857143,0,1,0,1,0.377964473009227,1
"Zotu996",1,0,0.142857142857143,0,0.142857142857143,0,1,0,1,0.377964473009227,1
